date,temp,wind,hum,isholiday,count
20150101,-7.7,4.6,41.4,1,1645
20150102,-6.0,3.2,45.9,0,1329
20150103,-2.7,1.9,56.1,1,3388
20150104,2.5,2.0,70.1,1,5327
20150105,3.7,2.4,73.1,0,1614
20150106,-3.2,4.3,52.4,0,1274
20150107,-5.5,2.5,33.1,0,1010
20150108,-5.1,2.2,45.8,0,1632
20150109,-2.1,2.0,58.3,0,1363
20150110,-0.3,2.3,56.5,1,4895
20150111,-0.4,3.6,57.8,1,4515
20150112,-2.7,1.8,37.8,0,1200
20150113,0.2,1.8,39.6,0,1664
20150114,2.5,1.5,41.1,0,1746
20150115,2.8,2.1,53.6,0,3868
20150116,0.8,4.0,73.0,0,917
20150117,-4.1,3.8,46.0,1,3341
20150118,-1.3,2.3,68.4,1,3649
20150119,-0.1,3.2,68.1,0,1219
20150120,-0.9,1.9,55.8,0,1646
20150121,2.6,2.0,58.3,0,1698
20150122,3.1,1.5,60.6,0,1680
20150123,1.2,2.6,66.4,0,1692
20150124,3.7,1.8,62.9,1,7493
20150125,3.0,3.5,78.4,1,2864
20150126,3.6,2.6,87.5,0,1402
20150127,-3.6,3.7,55.4,0,1508
20150128,-4.1,2.3,49.3,0,1263
20150129,-1.1,2.3,56.4,0,1261
20150130,-3.3,3.8,51.8,0,2953
20150131,-4.5,2.6,46.4,1,3256
20150201,-3.0,1.9,44.9,1,5028
20150202,-0.6,1.5,47.3,0,1671
20150203,0.6,2.1,54.5,0,1759
20150204,0.4,2.0,64.5,0,1588
20150205,-0.1,3.0,57.1,0,1995
20150206,0.4,2.2,57.3,0,1401
20150207,1.2,2.6,65.3,1,4933
20150208,-9.8,5.3,34.1,1,1328
20150209,-5.7,3.1,54.6,0,593
20150210,1.7,2.8,69.0,0,1136
20150211,2.7,2.5,60.3,0,1403
20150212,-2.2,4.2,36.8,0,1194
20150213,-1.6,3.1,46.4,0,1102
20150214,2.0,2.2,72.9,1,3983
20150215,7.9,2.9,61.6,1,6625
20150216,5.0,3.5,91.9,0,437
20150217,1.9,3.5,78.5,0,952
20150218,0.8,2.5,72.0,1,2390
20150219,2.2,1.6,67.1,1,6572
20150220,5.2,2.0,55.3,1,15466
20150221,5.7,3.4,79.0,1,1794
20150222,3.5,4.1,78.0,1,3656
20150223,0.9,3.0,60.4,0,1341
20150224,2.1,2.3,60.0,0,2596
20150225,5.4,2.9,48.6,0,2900
20150226,1.2,4.9,56.9,0,2159
20150227,-1.3,3.2,35.6,0,1663
20150228,2.7,2.0,40.5,1,5427
20150301,2.4,3.7,56.8,1,4109
20150302,3.9,2.8,43.5,0,1971
20150303,2.8,3.4,69.5,0,788
20150304,-2.1,5.3,43.4,0,1158
20150305,-0.3,1.9,41.1,0,1237
20150306,2.9,2.3,37.8,0,2095
20150307,4.2,2.3,45.5,1,19698
20150308,7.7,1.8,42.5,1,26998
20150309,2.2,5.4,43.4,0,1357
20150310,-3.4,5.9,30.6,0,686
20150311,0.4,4.5,45.1,0,1133
20150312,2.1,4.0,41.0,0,1663
20150313,5.6,3.0,45.4,0,2198
20150314,4.3,2.3,31.4,1,24769
20150315,5.5,2.2,42.0,1,30688
20150316,9.8,2.0,44.4,0,3557
20150317,10.7,1.8,51.9,0,2687
20150318,10.7,4.0,61.5,0,873
20150319,12.4,2.5,50.9,0,4040
20150320,13.4,2.5,32.5,0,4363
20150321,11.7,2.7,31.0,1,30584
20150322,8.3,4.2,33.3,1,19807
20150323,4.6,4.2,24.3,0,2158
20150324,5.4,2.6,32.8,0,2405
20150325,6.5,2.5,45.9,0,3548
20150326,7.9,3.1,47.5,0,3716
20150327,9.1,2.6,50.5,0,4904
20150328,9.7,2.8,35.0,1,34237
20150329,10.5,2.5,61.9,1,20914
20150330,13.2,2.6,57.4,0,4041
20150331,12.9,2.2,80.6,0,4708
20150401,12.9,4.1,67.9,0,4100
20150402,14.8,5.0,70.5,0,3288
20150403,10.6,2.8,83.4,0,4976
20150404,13.5,4.3,48.0,1,29485
20150405,10.5,2.5,75.1,1,8446
20150406,10.3,2.7,55.8,0,4590
20150407,8.4,2.6,59.5,0,3820
20150408,8.3,2.9,52.5,0,3820
20150409,9.6,2.3,43.0,0,8439
20150410,11.6,2.8,40.5,0,14950
20150411,13.5,2.5,39.3,1,50872
20150412,14.9,2.9,30.6,1,50027
20150413,12.0,5.9,53.9,0,6356
20150414,6.9,2.7,89.9,0,1630
20150415,11.1,2.9,72.0,0,9467
20150416,9.9,3.6,69.5,0,4420
20150417,10.5,3.7,45.4,0,13393
20150418,15.2,1.9,31.9,1,40841
20150419,14.5,3.7,74.8,1,2187
20150420,12.2,3.2,75.3,0,3361
20150421,14.0,2.9,46.0,0,12393
20150422,14.2,3.0,47.0,0,8329
20150423,14.5,3.5,41.1,0,11397
20150424,15.7,3.2,38.3,0,15405
20150425,15.9,2.7,31.3,1,36537
20150426,17.3,3.3,37.6,1,37836
20150427,18.5,2.8,39.3,0,6844
20150428,20.3,2.1,38.6,0,17847
20150429,17.0,2.9,77.0,0,3503
20150430,21.2,2.2,56.6,0,13808
20150501,21.0,2.5,58.8,0,38675
20150502,20.7,2.1,64.4,1,40013
20150503,18.3,2.1,90.4,1,8878
20150504,16.1,4.2,45.9,0,32602
20150505,14.2,3.4,37.9,1,63382
20150506,15.4,2.4,36.3,0,8103
20150507,16.5,2.6,35.6,0,9464
20150508,16.7,2.5,64.3,0,12832
20150509,17.6,3.0,55.0,1,21821
20150510,19.1,2.3,39.6,1,25671
20150511,18.4,3.0,62.1,0,4174
20150512,13.3,6.4,75.9,0,6458
20150513,17.4,5.3,56.9,0,12955
20150514,20.4,3.3,63.8,0,15755
20150515,19.1,2.7,71.0,0,20641
20150516,18.0,3.0,41.3,1,27662
20150517,18.6,2.2,40.4,1,29381
20150518,17.7,3.2,53.9,0,5822
20150519,14.8,3.6,88.9,0,6119
20150520,16.3,3.1,60.0,0,8501
20150521,18.7,3.7,50.1,0,11231
20150522,20.0,2.9,45.3,0,19733
20150523,20.6,2.5,38.5,1,30136
20150524,21.0,2.4,37.3,1,46010
20150525,20.8,2.7,53.1,1,40511
20150526,21.5,2.7,48.9,0,7807
20150527,23.2,2.0,32.9,0,9099
20150528,24.3,2.2,27.1,0,10638
20150529,23.8,2.5,36.8,0,42070
20150530,19.8,2.9,71.0,1,12754
20150531,22.1,2.2,52.8,1,24556
20150601,21.7,2.6,44.6,0,6914
20150602,23.1,2.7,46.9,0,11912
20150603,23.3,3.8,33.3,0,4606
20150604,24.2,2.6,28.9,0,2934
20150605,19.1,1.7,58.8,0,2046
20150606,22.4,2.3,50.4,1,8789
20150607,23.4,2.3,46.8,1,7158
20150608,22.4,2.3,54.9,0,2572
20150609,22.2,2.9,66.3,0,2962
20150610,25.3,2.2,54.3,0,3963
20150611,24.6,2.8,59.6,0,2104
20150612,23.6,3.8,63.1,0,3944
20150613,24.7,3.2,61.9,1,6429
20150614,22.8,2.7,70.3,1,6777
20150615,24.2,2.2,65.6,0,2181
20150616,25.0,2.4,65.9,0,1982
20150617,23.4,2.6,72.8,0,2367
20150618,24.8,2.7,59.4,0,2136
20150619,24.5,2.9,57.8,0,2211
20150620,19.6,1.8,91.0,1,2320
20150621,22.4,2.0,69.1,1,10655
20150622,24.0,2.4,60.4,0,2727
20150623,24.7,2.3,64.1,0,2619
20150624,25.7,2.5,58.3,0,2468
20150625,24.8,2.1,65.1,0,2377
20150626,21.0,3.3,75.8,0,1330
20150627,25.2,2.2,55.3,1,10998
20150628,25.4,2.6,61.8,1,10008
20150629,25.7,2.8,61.8,0,2422
20150630,24.4,1.7,70.0,0,1838
20150701,23.7,3.8,66.3,0,2516
20150702,23.7,4.0,64.5,0,2860
20150703,23.3,3.0,62.6,0,3013
20150704,24.1,2.2,55.8,1,11378
20150705,24.2,2.3,57.4,1,11117
20150706,25.3,2.2,54.3,0,2517
20150707,25.6,2.0,52.1,0,2905
20150708,23.4,4.0,69.8,0,2905
20150709,26.5,2.9,61.3,0,2551
20150710,29.2,1.9,60.9,0,2840
20150711,30.4,2.1,60.3,1,6456
20150712,24.8,4.0,94.1,1,1568
20150713,23.1,5.2,90.8,0,606
20150714,26.1,3.5,72.4,0,2819
20150715,27.9,2.9,58.8,0,2347
20150716,24.7,5.0,51.3,0,3116
20150717,23.6,3.6,49.8,0,3258
20150718,24.3,2.2,63.5,1,11538
20150719,25.1,1.8,77.4,1,10445
20150720,27.5,2.4,71.4,0,2634
20150721,27.0,1.6,81.6,0,1846
20150722,27.7,1.8,76.9,0,2005
20150723,26.9,2.1,81.0,0,1711
20150724,24.7,2.0,96.9,0,723
20150725,25.0,3.2,95.1,1,3406
20150726,26.0,2.6,85.5,1,9042
20150727,26.2,2.3,86.0,0,4130
20150728,27.7,2.7,74.4,0,4680
20150729,26.7,2.6,82.9,0,2389
20150730,28.6,3.5,76.4,0,5180
20150731,27.9,2.7,74.3,0,4650
20150801,28.2,3.1,72.8,1,8956
20150802,26.5,2.7,84.3,1,8306
20150803,27.9,3.8,71.5,0,6491
20150804,27.5,4.5,73.3,0,6063
20150805,28.6,3.7,67.0,0,4628
20150806,29.3,2.0,64.5,0,3344
20150807,28.9,1.4,71.3,0,3727
20150808,26.6,2.1,79.1,1,6496
20150809,26.7,2.1,74.4,1,7089
20150810,27.0,2.3,72.1,0,3269
20150811,26.8,2.1,73.6,0,3808
20150812,27.3,2.0,67.5,0,3610
20150813,26.5,1.9,68.6,0,3529
20150814,26.9,2.4,66.4,0,10411
20150815,27.1,1.9,70.4,1,14343
20150816,25.8,2.0,74.9,1,8607
20150817,26.6,2.2,61.5,0,3780
20150818,27.9,2.5,59.9,0,3345
20150819,26.8,1.8,70.3,0,3432
20150820,25.4,1.7,75.5,0,2924
20150821,25.2,2.0,78.3,0,3005
20150822,25.5,2.5,69.8,1,12855
20150823,26.3,1.7,65.5,1,13146
20150824,26.3,3.8,60.6,0,2791
20150825,21.7,3.2,76.4,0,847
20150826,21.9,2.9,68.4,0,21260
20150827,24.7,3.1,61.1,0,3703
20150828,23.2,1.7,69.4,0,4092
20150829,24.4,1.7,65.8,1,18292
20150830,24.9,1.6,65.9,1,18306
20150831,25.9,1.9,62.9,0,2852
20150901,25.9,3.4,59.4,0,4562
20150902,23.9,2.1,72.8,0,2231
20150903,23.9,2.3,75.1,0,3206
20150904,24.8,2.2,68.5,0,4976
20150905,21.9,2.1,79.8,1,7391
20150906,22.2,3.7,60.4,1,24404
20150907,22.6,2.4,52.9,0,3895
20150908,22.7,3.2,43.6,0,4160
20150909,22.4,2.9,42.9,0,3940
20150910,22.4,2.4,62.3,0,4396
20150911,21.0,2.1,76.4,0,5431
20150912,19.2,1.9,60.4,1,19093
20150913,20.2,2.6,54.1,1,29788
20150914,22.1,1.6,61.1,0,5494
20150915,22.8,2.2,48.5,0,4029
20150916,21.6,2.5,45.5,0,5838
20150917,21.4,3.1,46.4,0,9164
20150918,21.9,2.4,52.1,0,7785
20150919,22.3,2.4,58.3,1,26648
20150920,22.1,2.0,69.0,1,23307
20150921,22.6,1.5,62.1,0,3495
20150922,23.9,1.8,48.4,0,7038
20150923,22.0,1.7,57.9,0,4253
20150924,23.4,1.9,56.4,0,4516
20150925,23.4,2.5,56.5,0,5900
20150926,22.4,1.8,54.5,1,16739
20150927,21.9,1.9,39.4,1,18200
20150928,21.4,1.6,39.6,1,37358
20150929,22.1,2.3,36.6,1,31056
20150930,21.3,2.6,45.3,0,5922
20151001,16.3,3.6,77.5,0,949
20151002,16.5,3.7,53.5,0,8790
20151003,19.2,3.8,49.4,1,29486
20151004,16.6,1.8,38.9,1,23374
20151005,18.0,1.9,49.4,0,4422
20151006,18.7,1.9,57.5,0,6512
20151007,19.6,1.4,67.5,0,7204
20151008,20.1,2.3,61.1,0,13956
20151009,16.2,3.7,43.8,1,40080
20151010,12.8,2.2,70.9,1,10366
20151011,10.8,2.4,72.6,1,6495
20151012,12.3,2.7,56.5,0,4546
20151013,15.0,2.5,66.4,0,9817
20151014,17.1,1.6,64.6,0,8174
20151015,17.9,1.8,62.1,0,8466
20151016,17.5,1.8,71.0,0,14527
20151017,18.7,1.7,64.8,1,28476
20151018,17.9,1.3,65.1,1,26905
20151019,18.1,2.0,67.4,0,6564
20151020,18.8,1.6,69.5,0,8159
20151021,17.9,1.6,72.5,0,7142
20151022,17.5,2.2,64.8,0,6418
20151023,17.5,2.4,69.1,0,10241
20151024,16.9,2.5,64.4,1,21413
20151025,16.3,2.1,51.0,1,34174
20151026,15.0,2.4,66.8,0,5072
20151027,12.1,3.2,69.3,0,2947
20151028,9.9,2.5,49.0,0,7089
20151029,8.4,2.4,50.4,0,5041
20151030,5.4,2.6,41.8,0,5565
20151031,5.7,2.1,42.5,1,13948
20151101,7.0,1.6,48.4,1,3923
20151102,10.8,1.6,60.5,0,5152
20151103,11.8,1.4,67.6,0,16625
20151104,12.2,1.6,62.0,0,15903
20151105,13.2,1.7,63.9,0,2780
20151106,13.5,4.7,63.9,0,2108
20151107,10.5,6.0,91.5,1,1318
20151108,11.1,5.2,90.6,1,576
20151109,10.8,2.1,87.6,0,2922
20151110,10.0,1.8,80.0,0,6233
20151111,11.6,1.6,72.4,0,5204
20151112,14.5,2.8,63.5,0,2316
20151113,11.5,4.0,83.8,0,2244
20151114,12.8,1.4,97.3,1,2219
20151115,13.4,1.8,84.5,1,1911
20151116,12.2,2.8,85.1,0,1626
20151117,13.9,1.8,69.6,0,6659
20151118,10.4,5.1,70.6,0,6404
20151119,8.9,2.6,72.8,0,1383
20151120,9.8,1.5,72.6,0,1427
20151121,9.2,1.8,55.9,1,893
20151122,10.2,2.4,66.5,1,4964
20151123,8.5,3.3,80.9,0,1208
20151124,5.6,3.1,69.5,0,1404
20151125,2.4,2.7,86.8,0,3699
20151126,-2.7,3.7,63.8,0,1169
20151127,-2.8,2.6,59.1,0,923
20151128,0.1,2.1,70.8,1,895
20151129,2.5,3.3,87.9,1,8472
20151130,4.1,2.0,69.1,0,987
20151201,4.0,1.9,57.8,0,1728
20151202,6.0,3.2,71.4,0,348
20151203,-0.7,4.1,79.3,0,523
20151204,-0.4,2.8,63.9,0,1315
20151205,3.4,3.1,51.4,1,3736
20151206,1.3,1.2,46.4,1,4083
20151207,1.9,1.8,51.1,0,1192
20151208,2.9,1.3,55.9,0,1626
20151209,5.0,2.3,57.4,0,1392
20151210,7.8,2.3,74.8,0,842
20151211,6.4,3.4,56.5,0,1495
20151212,5.2,2.6,50.1,1,5972
20151213,5.2,1.4,50.5,1,8514
20151214,5.0,2.2,75.6,0,915
20151215,4.7,2.8,69.8,0,1117
20151216,-1.0,3.9,50.9,0,1029
20151217,-4.6,2.7,43.4,0,821
20151218,-3.3,2.2,61.9,0,694
20151219,-0.1,1.7,66.3,1,3008
20151220,1.5,1.5,56.9,1,3456
20151221,2.2,2.5,76.0,0,683
20151222,3.1,2.4,67.9,0,1494
20151223,5.9,2.1,59.6,0,1078
20151224,1.5,2.3,67.5,0,1404
20151225,-0.8,2.0,46.3,0,4636
20151226,0.9,2.4,73.3,1,3547
20151227,-5.7,2.9,39.0,1,2007
20151228,-5.7,2.3,38.4,0,888
20151229,-3.2,1.4,47.6,0,1170
20151230,0.3,2.5,67.6,0,22176
20151231,0.7,1.5,81.3,0,1281
20160101,1.2,1.6,73.0,1,4382
20160102,5.7,2.0,76.9,1,7265
20160103,6.5,1.8,80.6,1,4557
20160104,2.0,3.1,54.4,0,1690
20160105,-2.7,2.3,39.4,0,1256
20160106,-1.7,1.8,54.3,0,1174
20160107,-3.4,2.5,51.8,0,1044
20160108,-3.3,2.0,49.8,0,926
20160109,-2.1,2.1,57.1,1,2640
20160110,0.3,2.6,42.3,1,3604
20160111,-3.8,2.8,38.3,0,996
20160112,-5.2,2.5,46.0,0,1642
20160113,-4.5,2.0,63.0,0,1007
20160114,-3.4,1.7,52.1,0,872
20160115,-0.4,1.8,52.3,0,1047
20160116,-0.2,2.9,68.0,1,2997
20160117,1.7,2.4,64.0,1,3448
20160118,-6.3,4.8,59.8,0,808
20160119,-12.8,5.4,45.9,0,300
20160120,-10.5,1.8,43.6,0,422
20160121,-7.1,1.8,44.3,0,627
20160122,-7.6,2.6,40.5,0,586
20160123,-11.5,4.0,42.0,1,890
20160124,-14.4,3.2,48.5,1,324
20160125,-9.4,1.9,47.1,0,422
20160126,-3.3,2.3,64.5,0,758
20160127,-1.1,2.0,56.3,0,1218
20160128,-0.5,1.6,51.5,0,1146
20160129,1.9,2.3,43.6,0,1777
20160130,0.6,2.0,59.5,1,4128
20160131,-3.9,3.2,34.0,1,2584
20160201,-6.0,3.0,36.0,0,3746
20160202,-5.3,2.2,41.8,0,2927
20160203,-2.4,1.9,49.6,0,1130
20160204,-0.7,2.4,50.1,0,1120
20160205,-2.2,2.5,39.4,0,840
20160206,-3.1,2.9,38.6,1,2058
20160207,-2.9,2.0,46.5,1,2128
20160208,1.3,3.1,62.1,1,3221
20160209,0.3,3.0,52.5,1,7060
20160210,2.7,1.6,38.5,1,9949
20160211,8.1,3.5,29.3,0,3098
20160212,8.4,3.2,95.3,0,357
20160213,11.0,3.3,95.0,1,2742
20160214,-2.6,4.6,73.1,1,2042
20160215,-5.8,4.0,48.4,0,696
20160216,-2.7,2.7,65.6,0,994
20160217,0.0,2.3,53.9,0,1429
20160218,3.5,3.2,66.4,0,1622
20160219,2.3,1.7,56.4,0,1630
20160220,1.3,2.9,37.1,1,6626
20160221,-0.6,2.9,36.4,1,5102
20160222,1.1,1.9,36.6,0,1398
20160223,0.7,3.2,56.0,0,1726
20160224,-3.0,2.9,42.0,0,1333
20160225,-0.2,2.7,49.9,0,1538
20160226,2.2,2.2,41.3,0,2519
20160227,3.3,2.0,57.6,1,6519
20160228,0.7,2.1,65.5,1,4970
20160229,-3.8,4.0,48.6,0,1233
20160301,-2.7,2.5,47.3,1,4507
20160302,3.1,2.9,67.9,0,2146
20160303,8.1,1.9,65.1,0,1783
20160304,13.2,2.7,55.3,0,2783
20160305,11.3,2.6,91.3,1,1405
20160306,7.9,2.8,51.0,1,11564
20160307,8.1,2.0,36.9,0,1480
20160308,2.7,3.1,40.4,0,11521
20160309,0.3,3.5,37.5,0,1255
20160310,-1.1,3.2,37.8,0,1184
20160311,-0.5,2.6,43.8,0,2305
20160312,2.0,2.5,55.6,1,7460
20160313,3.7,1.6,68.1,1,6352
20160314,4.7,2.6,57.0,0,2385
20160315,5.2,2.2,43.4,0,2541
20160316,7.5,2.0,45.1,0,2697
20160317,9.3,1.4,40.9,0,2529
20160318,13.4,2.4,50.0,0,2836
20160319,11.4,2.5,58.3,1,33131
20160320,10.6,2.2,54.0,1,34360
20160321,9.9,2.2,54.1,0,3537
20160322,8.0,2.5,58.1,0,3338
20160323,8.2,2.9,49.6,0,2787
20160324,7.2,2.4,36.5,0,2438
20160325,7.1,2.2,43.9,0,3291
20160326,6.5,2.2,54.5,1,21748
20160327,7.2,2.6,55.6,1,30489
20160328,9.8,2.0,47.8,0,4136
20160329,11.3,3.2,57.8,0,2248
20160330,11.5,2.2,49.9,0,4857
20160331,13.5,2.1,27.0,0,4758
20160401,15.3,2.0,26.0,0,7537
20160402,15.0,2.3,40.8,1,37787
20160403,10.7,1.7,75.1,1,9952
20160404,12.3,2.2,42.6,0,6813
20160405,11.4,2.5,45.1,0,7452
20160406,14.4,1.9,44.3,0,9032
20160407,14.1,3.0,69.5,0,5013
20160408,11.1,2.5,76.1,0,11370
20160409,10.7,1.8,83.9,1,32879
20160410,13.4,2.1,71.3,1,33139
20160411,12.5,2.4,43.8,0,11313
20160412,14.1,2.3,42.6,0,12028
20160413,15.6,1.7,67.5,1,26405
20160414,12.4,2.6,75.9,0,7079
20160415,15.0,2.6,46.4,0,14228
20160416,14.9,2.9,58.9,1,14154
20160417,10.8,4.7,66.8,1,14205
20160418,11.2,3.1,65.4,0,5862
20160419,12.0,2.2,55.1,0,12051
20160420,14.3,2.1,54.0,0,6493
20160421,13.5,2.8,87.6,0,3489
20160422,13.5,2.6,83.4,0,9794
20160423,13.5,2.1,52.1,1,14361
20160424,15.5,1.9,39.6,1,19642
20160425,17.2,1.7,34.8,0,19979
20160426,21.1,2.0,34.8,0,11099
20160427,17.2,3.6,32.0,0,9335
20160428,17.2,2.0,34.4,0,11151
20160429,16.2,2.5,47.6,0,15084
20160430,15.9,2.8,45.3,1,21736
20160501,18.8,2.2,40.5,1,30424
20160502,21.1,2.2,64.5,0,7733
20160503,12.9,4.9,86.1,0,753
20160504,15.7,5.1,46.6,0,10890
20160505,18.9,1.7,50.8,1,56576
20160506,16.3,2.0,89.3,0,8080
20160507,16.5,2.6,60.3,1,25904
20160508,19.4,2.1,44.8,1,19215
20160509,20.2,2.0,43.0,0,6806
20160510,14.5,2.3,82.4,0,2258
20160511,16.4,2.0,60.9,0,7709
20160512,17.8,2.7,62.4,0,16904
20160513,18.6,2.1,57.0,0,17355
20160514,20.2,2.3,47.1,1,32851
20160515,17.4,2.7,73.9,1,14075
20160516,15.9,3.2,57.0,0,5166
20160517,19.3,1.9,48.8,0,8275
20160518,22.3,1.9,40.3,0,7436
20160519,24.3,1.6,36.4,0,9941
20160520,24.0,1.8,32.0,0,23828
20160521,24.1,2.0,23.8,1,23279
20160522,24.7,1.9,35.0,1,18154
20160523,23.3,2.1,43.0,0,5561
20160524,16.8,2.6,82.6,0,4659
20160525,19.7,2.7,67.9,0,8076
20160526,19.4,1.8,72.0,0,10669
20160527,20.9,1.7,61.3,0,12776
20160528,21.7,2.1,56.1,1,26458
20160529,21.5,2.3,56.1,1,26432
20160530,22.1,2.4,57.3,0,6051
20160531,21.6,2.5,63.6,0,8171
20160601,23.3,2.1,45.8,0,7294
20160602,23.2,2.4,38.3,0,10689
20160603,22.2,2.2,48.1,0,12144
20160604,21.2,1.6,51.8,1,28335
20160605,24.7,1.7,47.3,1,35553
20160606,23.3,2.3,49.1,1,33793
20160607,21.7,1.7,69.5,0,6851
20160608,22.1,2.3,65.9,0,5809
20160609,24.1,2.0,59.5,0,5259
20160610,24.6,2.2,60.9,0,7586
20160611,23.5,1.7,74.3,1,14093
20160612,23.5,2.1,79.4,1,12769
20160613,23.5,2.4,70.5,0,3744
20160614,23.8,2.1,62.5,0,3561
20160615,20.9,2.7,81.8,0,831
20160616,20.9,2.8,73.5,0,3988
20160617,23.8,2.5,63.1,0,4353
20160618,24.5,1.8,58.0,1,13617
20160619,24.1,1.9,64.5,1,12582
20160620,24.7,1.7,66.0,0,4317
20160621,26.0,1.7,60.1,0,2716
20160622,24.3,2.0,75.1,0,1590
20160623,24.7,2.1,71.0,0,3536
20160624,23.1,2.0,75.8,0,1484
20160625,22.8,2.8,63.1,1,13340
20160626,24.4,2.7,58.4,1,12829
20160627,24.4,1.6,55.5,0,2946
20160628,24.7,1.8,61.1,0,2542
20160629,25.3,2.2,58.0,0,2373
20160630,24.6,2.8,78.1,0,2314
20160701,24.0,2.3,86.5,0,2687
20160702,23.5,2.4,81.4,1,8963
20160703,23.5,1.6,70.4,1,10557
20160704,21.8,3.0,85.1,0,673
20160705,23.1,2.8,93.6,0,253
20160706,22.9,1.9,74.0,0,1816
20160707,24.0,1.3,71.6,0,2015
20160708,27.3,1.8,66.5,0,3066
20160709,27.7,2.0,64.8,1,5384
20160710,27.9,1.8,64.4,1,4618
20160711,28.4,1.7,67.4,0,1581
20160712,26.3,2.1,65.5,0,11686
20160713,26.3,2.1,69.0,0,4030
20160714,27.5,2.1,66.9,0,2063
20160715,26.2,2.6,60.0,0,3089
20160716,20.8,3.5,92.8,1,1000
20160717,21.7,2.6,82.9,1,9371
20160718,24.4,1.5,75.1,0,2795
20160719,27.1,1.5,65.5,0,2235
20160720,28.6,1.9,62.5,0,1697
20160721,28.3,2.2,61.3,0,1806
20160722,29.1,2.2,64.0,0,1396
20160723,28.7,1.9,70.4,1,4209
20160724,28.0,2.0,77.9,1,4578
20160725,28.4,1.9,75.3,0,2020
20160726,28.4,2.6,69.0,0,1833
20160727,27.6,3.2,76.4,0,1451
20160728,28.0,2.8,70.6,0,2361
20160729,26.3,1.6,82.3,0,5216
20160730,28.6,2.1,73.5,1,6043
20160731,28.9,1.6,72.1,1,5127
20160801,28.4,1.6,72.0,0,4432
20160802,27.2,1.2,72.5,0,4310
20160803,29.1,1.6,65.4,0,3003
20160804,30.7,1.6,59.6,0,1653
20160805,31.2,1.8,60.1,0,1756
20160806,30.5,1.7,64.8,1,2997
20160807,30.6,1.9,56.0,1,2576
20160808,30.5,1.8,63.1,0,1107
20160809,29.3,1.9,68.3,0,1184
20160810,29.4,1.9,66.3,0,1186
20160811,30.5,2.0,64.1,0,1090
20160812,30.4,2.0,68.3,0,1217
20160813,30.2,2.4,67.9,1,3166
20160814,28.9,1.9,74.0,1,6118
20160815,29.1,1.9,65.5,1,4219
20160816,29.3,1.6,64.9,0,1419
20160817,29.9,1.9,60.4,0,1444
20160818,29.9,1.6,61.9,0,11355
20160819,28.9,1.4,69.5,0,5328
20160820,30.1,1.7,59.0,1,5446
20160821,30.7,2.1,57.5,1,4372
20160822,30.7,2.1,58.0,0,1082
20160823,28.3,2.1,68.8,0,1134
20160824,29.1,1.8,59.1,0,1335
20160825,27.1,1.9,70.4,0,1283
20160826,23.0,3.6,57.0,0,2527
20160827,23.4,3.1,43.3,1,18602
20160828,21.0,2.6,62.5,1,17845
20160829,22.2,2.0,54.5,0,3559
20160830,20.6,3.3,60.4,0,3315
20160831,17.7,3.8,85.3,0,20690
20160901,23.2,3.1,71.3,0,2641
20160902,24.2,2.7,68.5,0,2828
20160903,23.9,1.8,73.8,1,19317
20160904,25.6,1.5,71.3,1,19461
20160905,26.4,1.7,66.1,0,2752
20160906,24.7,1.8,69.0,0,2774
20160907,24.3,1.8,69.8,0,2540
20160908,23.0,1.3,76.4,0,1712
20160909,23.9,1.8,71.1,0,8815
20160910,24.4,1.6,65.4,1,15573
20160911,24.5,1.7,66.3,1,18868
20160912,23.4,1.9,68.9,0,2908
20160913,24.6,1.8,62.5,0,4300
20160914,24.6,1.8,66.1,1,11425
20160915,23.9,1.3,68.1,1,17615
20160916,24.6,1.5,64.9,1,31344
20160917,23.1,2.9,64.8,1,19405
20160918,23.5,3.1,53.4,1,20824
20160919,21.9,3.5,53.3,0,3275
20160920,20.6,3.1,41.1,0,4394
20160921,20.2,2.0,43.4,0,3717
20160922,21.9,1.8,46.3,0,4503
20160923,21.4,1.6,57.9,0,5582
20160924,22.3,1.6,60.6,1,22835
20160925,23.0,1.2,57.6,1,20599
20160926,23.6,1.8,59.1,0,3649
20160927,21.0,1.3,82.5,0,1481
20160928,19.9,1.3,84.6,0,3947
20160929,20.4,3.0,64.4,0,5555
20160930,20.5,1.6,66.9,0,7733
20161001,21.1,1.2,69.0,1,26431
20161002,19.0,2.7,84.1,1,1846
20161003,22.7,2.7,73.3,1,29719
20161004,22.0,2.4,58.9,0,17037
20161005,21.1,3.0,61.9,0,4781
20161006,18.0,2.6,59.3,0,8611
20161007,19.7,2.6,67.8,0,8415
20161008,16.8,2.9,66.4,1,15752
20161009,11.3,2.9,46.3,1,21733
20161010,14.0,1.6,43.3,0,4417
20161011,15.4,1.8,62.4,0,9263
20161012,15.5,2.0,57.0,0,5745
20161013,15.2,1.4,44.1,0,8490
20161014,16.7,1.3,61.8,0,11644
20161015,19.1,1.3,60.6,1,22479
20161016,17.2,1.5,74.1,1,8192
20161017,17.5,1.4,76.1,0,4906
20161018,17.0,1.4,70.9,0,7973
20161019,18.0,1.5,67.6,0,8548
20161020,18.6,1.8,61.3,0,7825
20161021,17.9,3.0,58.6,0,10977
20161022,18.3,1.8,59.0,1,26904
20161023,13.3,4.0,66.3,1,13991
20161024,15.1,2.4,54.8,0,8155
20161025,14.1,2.2,84.0,0,2553
20161026,13.3,1.4,81.0,0,6751
20161027,14.6,1.9,65.4,0,7121
20161028,14.6,2.5,61.8,0,6436
20161029,7.8,3.0,40.3,1,14951
20161030,7.9,1.5,31.9,1,16856
20161031,5.7,2.0,59.9,0,2067
20161101,1.5,2.7,43.6,0,2291
20161102,4.1,1.4,53.1,0,7426
20161103,9.1,1.6,62.8,0,3207
20161104,12.3,2.7,67.0,0,4782
20161105,15.0,2.2,77.4,1,14380
20161106,14.0,3.4,59.4,1,19529
20161107,12.8,2.8,71.3,0,5735
20161108,4.1,3.5,58.0,0,2570
20161109,2.1,1.9,41.1,0,2630
20161110,6.0,2.0,55.5,0,1928
20161111,9.1,2.2,63.3,0,3662
20161112,11.4,2.3,62.1,1,13925
20161113,14.4,1.7,74.8,1,13407
20161114,13.2,1.7,78.5,0,1819
20161115,5.2,2.8,44.3,0,2205
20161116,5.2,1.4,44.3,0,2019
20161117,9.1,1.2,56.4,0,3480
20161118,10.3,1.9,58.4,0,2356
20161119,13.0,2.2,71.1,1,9936
20161120,9.8,2.5,48.6,1,24388
20161121,9.5,2.2,40.5,0,2231
20161122,2.0,3.9,43.3,0,1433
20161123,-1.8,3.0,37.5,0,1021
20161124,-2.5,2.1,37.8,0,881
20161125,1.0,1.5,43.9,0,1817
20161126,0.9,2.3,69.6,1,2325
20161127,3.3,1.5,81.3,1,3815
20161128,1.4,2.5,57.9,0,1180
20161129,1.7,1.6,40.8,0,1237
20161130,6.0,2.0,59.8,0,978
20161201,4.1,3.6,47.6,0,1483
20161202,1.6,1.8,48.4,0,1224
20161203,4.5,1.4,58.8,1,5705
20161204,5.5,1.2,60.1,1,4360
20161205,5.9,3.0,69.1,0,952
20161206,-1.1,2.5,38.5,0,997
20161207,1.7,2.3,58.3,0,1314
20161208,2.1,1.7,70.0,0,1090
20161209,1.4,2.8,65.8,0,1245
20161210,-1.6,1.9,47.6,1,2386
20161211,-1.1,1.2,42.6,1,3222
20161212,2.3,1.9,37.9,0,1043
20161213,3.4,2.0,53.6,0,1312
20161214,-1.4,2.7,68.1,0,930
20161215,-5.0,3.0,41.8,0,698
20161216,-4.7,2.2,40.3,0,565
20161217,2.7,1.8,60.1,1,2403
20170401,9.0,2.1,60.5,1,17070
20170402,9.0,2.1,53.1,1,32453
20170403,11.4,2.1,45.6,0,3032
20170404,14.1,2.0,35.3,0,3576
20170405,12.0,2.4,66.0,0,1067
20170406,10.4,2.4,90.0,0,1603
20170407,14.5,2.1,68.1,0,6248
20170408,13.0,2.5,74.5,1,40887
20170409,14.8,2.8,59.6,1,39359
20170410,16.5,2.8,25.8,0,7589
20170411,15.3,3.2,36.8,0,7035
20170412,11.5,3.7,21.8,0,7538
20170413,12.7,2.5,54.0,0,7727
20170414,13.0,3.5,57.9,0,3060
20170415,16.8,2.2,59.4,1,31747
20170416,18.7,1.4,52.9,1,37119
20170417,14.7,2.2,66.5,0,2046
20170418,11.7,2.5,76.5,0,2864
20170419,12.6,2.9,43.1,0,17911
20170420,12.9,2.3,45.4,0,3430
20170421,13.1,2.0,56.5,0,7265
20170422,14.8,2.1,48.4,1,30798
20170423,14.9,2.4,40.0,1,40116
20170424,15.1,2.7,39.4,0,6026
20170425,16.0,2.7,56.8,0,5660
20170426,15.1,3.3,36.0,0,7375
20170427,13.6,3.3,41.8,0,7647
20170428,14.4,3.0,57.3,0,9533
20170429,17.1,2.7,44.3,1,21476
20170430,19.3,2.6,57.9,1,26596
20170501,20.1,1.9,50.8,0,22645
20170502,20.7,2.1,42.0,0,13719
20170503,21.5,2.0,34.1,1,30066
20170504,21.0,2.0,43.6,0,25025
20170505,20.9,3.2,53.4,1,45644
20170506,14.9,3.8,32.0,1,9739
20170507,16.6,3.2,42.6,1,7524
20170508,17.9,2.1,43.6,0,3853
20170509,17.1,1.6,62.6,1,3906
20170510,16.4,2.5,73.0,0,4535
20170511,19.3,1.8,65.3,0,5694
20170512,19.1,2.1,71.6,0,18803
20170513,16.4,3.1,77.8,1,7674
20170514,15.7,3.7,58.3,1,30637
20170515,16.0,2.8,61.4,0,6332
20170516,17.1,2.0,60.5,0,6141
20170517,18.6,2.1,51.5,0,6278
20170518,20.4,2.3,41.9,0,8283
20170519,21.1,2.6,42.6,0,12175
20170520,20.9,2.4,44.0,1,22151
20170521,21.5,2.3,48.1,1,23790
20170522,21.8,2.0,53.6,0,4771
20170523,20.0,1.9,68.0,0,5287
20170524,21.8,2.0,60.4,0,6215
20170525,19.2,3.4,45.6,0,7625
20170526,17.7,2.9,41.5,0,12340
20170527,19.5,2.2,46.1,1,30814
20170528,21.2,2.7,50.6,1,36153
20170529,22.9,2.3,61.8,0,6938
20170530,23.6,2.4,43.5,0,8418
20170531,23.3,1.9,49.1,0,6498
20170601,23.3,3.1,51.8,0,8859
20170602,20.5,2.8,37.4,0,10337
20170603,20.5,3.0,44.0,1,30298
20170604,21.7,2.6,36.9,1,33655
20170605,24.2,1.9,33.3,0,17477
20170606,19.4,2.5,60.0,1,20711
20170607,17.6,2.4,91.4,0,1809
20170608,20.1,2.8,67.3,0,23117
20170609,21.2,3.3,69.8,0,15315
20170610,21.5,2.3,46.8,1,20068
20170611,22.8,2.2,33.8,1,21850
20170612,22.1,2.8,45.5,0,3466
20170613,21.5,2.4,63.0,0,3855
20170614,21.8,2.8,63.0,0,4047
20170615,23.1,2.5,62.4,0,6940
20170616,25.5,2.2,55.8,0,3257
20170617,24.2,2.4,52.3,1,9893
20170618,24.3,2.3,52.0,1,8530
20170619,24.8,1.8,50.9,0,2117
20170620,26.0,2.1,43.4,0,2487
20170621,25.4,2.9,52.6,0,2182
20170622,25.3,2.5,57.3,0,12868
20170623,26.7,2.0,53.0,0,2102
20170624,24.5,1.2,60.4,1,6117
20170625,23.8,1.5,75.4,1,6027
20170626,23.1,2.2,76.9,0,1249
20170627,25.2,2.2,67.5,0,2201
20170628,26.0,2.1,63.5,0,2106
20170629,26.2,2.2,64.8,0,2090
20170630,25.9,2.2,65.9,0,2060
20170701,25.3,2.0,73.6,1,7583
20170702,24.3,2.5,90.5,1,1437
20170703,24.7,3.5,87.6,0,795
20170704,26.7,2.0,74.5,0,1715
20170705,27.4,1.5,66.9,0,1335
20170706,27.6,1.7,72.3,0,1249
20170707,26.4,2.0,80.8,0,862
20170708,26.0,2.6,83.3,1,1694
20170709,26.3,1.0,88.0,1,3411
20170710,24.0,2.3,96.5,0,336
20170711,26.0,2.1,81.4,0,1474
20170712,27.1,2.3,75.9,0,1588
20170713,27.6,1.5,71.0,0,1166
20170714,28.7,2.1,68.4,0,1343
20170715,25.0,2.2,89.0,1,1923
20170716,26.2,1.4,83.4,1,4534
20170717,26.8,2.0,77.3,0,1174
20170718,26.5,1.6,80.6,0,1448
20170719,28.3,1.8,71.4,0,1168
20170720,29.9,2.2,66.1,0,929
20170721,29.8,2.5,73.1,0,1068
20170722,29.3,2.3,75.8,1,2474
20170723,27.0,2.1,89.5,1,690
20170724,26.2,1.2,82.3,0,694
20170725,29.4,1.9,64.1,0,1292
20170726,28.7,2.7,55.6,0,1258
20170727,27.1,1.9,62.5,0,10847
20170728,25.5,1.5,92.1,0,773
20170729,27.2,2.3,72.3,1,5712
20170730,27.9,1.9,64.4,1,5679
20170731,25.7,1.4,82.3,0,1763
20170801,28.6,1.7,73.0,0,3886
20170802,30.0,1.3,71.9,0,1942
20170803,30.2,2.2,60.6,0,1886
20170804,30.3,2.1,60.1,0,2130
20170805,31.4,1.9,63.0,1,2711
20170806,29.8,1.9,71.9,1,2334
20170807,29.2,2.4,68.1,0,1215
20170808,28.2,1.9,67.1,0,1491
20170809,27.6,2.3,66.4,0,1586
20170810,24.8,2.0,89.9,0,940
20170811,27.0,2.3,72.5,0,1867
20170812,27.8,2.1,60.3,1,6306
20170813,26.3,2.8,62.1,1,10215
20170814,24.6,3.6,67.5,0,1840
20170815,21.9,3.6,93.8,1,825
20170816,23.3,3.7,80.5,0,1948
20170817,24.8,2.1,77.1,0,1868
20170818,26.3,1.3,75.6,0,2759
20170819,26.1,2.0,75.8,1,10487
20170820,23.2,2.9,95.6,1,1447
20170821,25.8,2.4,81.5,0,4390
20170822,27.3,1.9,70.6,0,2375
20170823,27.2,2.6,84.1,0,718
20170824,26.5,4.0,85.3,0,570
20170825,25.3,1.7,61.9,0,2262
20170826,24.2,2.0,54.5,1,14234
20170827,22.7,1.4,62.0,1,16465
20170828,21.5,1.5,73.1,0,1461
20170829,19.5,3.2,51.4,0,3357
20170830,19.8,1.5,55.8,0,2814
20170831,22.2,1.6,62.4,0,3165
20170901,23.3,2.2,56.0,0,3372
20170902,23.8,1.8,59.0,1,22897
20170903,23.7,1.6,64.0,1,23438
20170904,24.6,1.6,53.8,0,2867
20170905,21.9,1.7,62.4,0,2167
20170906,20.6,1.2,75.5,0,1789
20170907,22.4,1.4,73.3,0,4429
20170908,24.3,1.7,67.5,0,4116
20170909,23.8,1.4,70.1,1,16990
20170910,23.0,1.4,74.3,1,16031
20170911,21.2,1.7,79.8,0,10911
20170912,22.1,1.9,58.6,0,3765
20170913,21.4,1.9,49.3,0,3854
20170914,22.4,1.7,48.8,0,2974
20170915,22.6,3.6,48.4,0,5642
20170916,22.0,3.6,50.9,1,20420
20170917,23.1,2.7,51.3,1,21210
20170918,21.9,2.1,62.8,0,4121
20170919,22.6,3.0,79.1,0,2295
20170920,19.5,2.4,48.9,0,6104
20170921,20.3,1.6,57.3,0,4773
20170922,20.6,2.1,60.8,0,7164
20170923,21.8,1.6,69.8,1,17275
20170924,22.4,2.0,71.5,1,14293
20170925,23.4,1.4,58.0,0,2517
20170926,25.1,1.9,57.0,0,3566
20170927,22.7,1.7,66.4,0,2489
20170928,19.2,2.8,49.1,0,3966
20170929,17.4,2.2,39.3,0,6489
20170930,20.0,1.5,64.9,1,12530
20171001,18.2,2.3,74.8,1,6242
20171002,22.0,2.3,62.3,1,20621
20171003,17.6,2.3,49.8,1,15822
20171003,17.6,2.3,49.8,1,15822
20171004,16.7,1.8,48.5,1,18532
20171005,18.7,2.1,56.4,1,31373
20171006,18.9,2.3,66.4,1,20174
20171007,21.9,1.2,67.6,1,30988
20171008,23.0,1.4,66.9,1,28268
20171009,22.5,1.5,66.0,1,20446
20171010,21.4,1.3,76.9,0,2259
20171011,15.5,2.9,77.1,0,2084
20171012,11.4,2.0,71.0,0,3890
20171013,12.8,3.2,51.0,0,6290
20171014,14.4,,42.8,1,16474
20171015,15.8,1.7,42.5,1,19047
20171016,16.6,1.7,47.6,0,6632
20171017,16.2,1.3,47.1,0,13948
20171018,16.5,2.4,58.8,0,4916
20171019,17.0,1.8,58.3,0,5751
20171020,17.0,1.5,58.6,0,10209
20171021,17.6,1.3,52.8,1,21936
20171022,16.3,3.1,50.4,1,24390
20171023,13.7,1.4,47.0,0,4448
20171024,14.4,1.9,54.3,0,19324
20171025,14.4,1.5,59.0,0,4541
20171026,14.5,1.2,56.5,0,4993
20171027,16.9,1.2,54.4,0,8309
20171028,17.2,2.0,51.9,1,26282
20171029,11.5,3.3,45.6,1,18846
20171030,7.7,2.4,27.4,0,3275
20171031,10.4,1.8,54.3,0,5736
20171101,14.4,2.1,72.4,0,3363
20171102,15.5,1.6,78.8,0,2669
20171103,12.3,3.2,66.0,0,3156
20171104,7.8,2.5,47.9,1,12087
20171105,8.4,1.5,52.5,1,12760
20171106,11.4,1.5,64.5,0,3340
20171107,14.4,1.5,61.4,0,3494
20171108,13.1,3.0,53.3,0,2653
20171109,9.4,1.2,39.6,0,3089
20171110,9.8,3.0,56.3,0,2353
20171111,5.9,2.2,42.9,1,8008
20171112,5.3,1.4,57.1,1,9312
20171113,8.4,1.9,64.4,0,1611
20171114,7.5,2.4,42.5,0,2003
20171115,3.2,2.8,38.3,0,1404
20171116,1.0,1.5,30.3,0,1245
20171117,3.0,2.2,39.4,0,1388
20171118,-2.1,3.4,38.5,1,2759
20171119,-1.6,2.2,37.8,1,1918
20171120,-0.4,1.4,55.3,0,857
20171121,1.3,1.4,55.6,0,1581
20171122,4.3,2.4,54.8,0,1041
20171123,0.9,2.1,49.3,0,1927
20171124,-0.4,1.8,62.5,0,747
20171125,3.0,1.8,77.6,1,1384
20171126,3.3,1.8,71.6,1,2487
20171127,2.5,1.3,53.0,0,1072
20171128,6.4,1.1,64.1,0,1139
20171129,3.2,2.8,48.3,0,795
20171130,-2.4,3.3,26.8,0,11318
20171201,-2.2,1.6,49.4,0,718
20171202,1.9,1.7,59.9,1,2168
20171203,4.9,1.5,83.1,1,1991
20171204,-1.2,3.4,48.1,0,719
20171205,-4.2,,40.1,0,630
20171206,0.2,,72.6,0,721
20171207,0.7,1.7,64.5,0,911
20171208,-3.8,1.8,41.3,0,643
20171209,-0.5,1.0,46.1,1,1792
20171210,1.1,2.0,67.9,1,1024
20171211,-7.0,3.5,40.5,0,479
20171212,-9.4,2.1,41.9,0,324
20171213,-8.7,1.7,42.0,0,462
20171214,-6.6,0.9,42.9,0,761
20171215,-3.0,1.0,52.6,0,627
20171216,-5.7,3.0,43.1,1,1206
20171217,-6.7,1.9,38.1,1,996
20171218,-1.6,1.2,80.0,0,420
20171219,-3.9,2.1,49.4,0,657
20171220,-3.9,1.1,68.0,0,2985
20171221,-0.9,1.2,71.4,0,653
20171222,3.4,1.1,66.6,0,804
20171223,6.1,1.1,75.8,1,1905
20171224,2.9,1.9,82.0,1,403
20171225,-2.1,2.8,43.1,1,2030
20171226,-3.8,2.9,41.8,0,772
20171227,-6.9,1.9,31.4,0,488
20171228,-2.1,1.3,47.0,0,778
20171229,2.1,1.1,67.0,0,853
20171230,1.4,0.9,79.5,1,1520
20171231,-0.3,2.3,54.4,1,1868
20180101,-1.3,1.4,39.1,1,2316
20180102,-1.8,1.8,42.0,0,988
20180103,-4.7,2.2,42.3,0,694
20180104,-4.7,1.4,43.0,0,671
20180105,-3.0,1.7,48.4,0,758
20180106,-2.8,1.5,45.8,1,1935
20180107,-0.8,0.8,42.1,1,1881
20180108,1.3,1.8,51.9,0,634
20180109,-4.2,2.9,59.4,0,523
20180110,-7.5,3.0,52.0,0,382
20180111,-11.1,2.8,49.8,0,312
20180112,-10.2,1.7,35.4,0,228
20180113,-4.4,0.8,67.3,1,1015
20180114,0.6,1.2,64.1,1,1654
20180115,4.7,1.4,63.9,0,645
20180116,3.5,0.7,59.1,0,699
20180117,4.5,1.2,64.1,0,631
20180118,2.1,1.9,59.6,0,1503
20180119,1.0,1.6,43.0,0,918
20180120,2.2,1.6,57.6,1,2083
20180121,0.4,1.0,36.6,1,2123
20180122,0.2,1.5,56.5,0,852
20180123,-11.7,3.7,42.0,0,363
20180124,-14.2,3.4,31.6,0,128
20180125,-14.0,2.8,32.6,0,162
20180126,-14.8,2.6,34.9,0,222
20180127,-9.9,1.4,37.4,1,655
20180128,-6.3,2.6,36.0,1,962
20180129,-8.5,2.7,35.0,0,409
20180130,-5.3,1.3,62.0,0,9660
20180131,-2.6,1.6,54.5,0,585
20180201,-4.0,1.6,44.1,0,679
20180202,-2.4,1.6,51.1,0,704
20180203,-7.3,3.8,47.0,1,1049
20180204,-9.5,3.1,40.9,1,790
20180205,-9.4,3.0,37.8,0,348
20180206,-10.1,3.1,36.5,0,369
20180207,-8.0,1.5,39.8,0,418
20180208,-4.4,1.2,43.3,0,724
20180209,0.4,1.1,43.9,0,657
20180210,-0.5,3.0,47.4,1,1861
20180211,-6.1,2.7,42.5,1,1159
20180212,-5.8,2.7,40.8,0,499
20180213,-0.8,2.7,54.5,0,725
20180214,3.5,2.6,51.0,0,810
20180215,-0.7,2.5,28.0,1,1765
20180216,-1.1,2.1,40.1,1,3007
20180217,-3.0,2.9,25.6,1,3590
20180218,-0.4,1.3,26.9,1,3370
20180219,1.8,1.5,48.6,0,1558
20180220,0.9,2.5,41.0,0,1243
20180221,-0.9,2.3,31.5,0,1169
20180222,1.3,2.2,59.0,0,1348
20180223,4.2,1.9,81.1,0,1079
20180224,2.4,2.1,49.4,1,3362
20180225,1.9,1.7,40.6,1,6139
20180226,3.1,1.4,43.1,0,2252
20180227,4.2,0.9,48.8,0,1517
20180228,4.6,2.0,73.3,0,626
20180301,-0.2,3.8,61.9,1,3283
20180302,-0.7,1.5,34.0,0,1500
20180303,7.9,1.5,38.1,1,14540
20180304,9.8,1.2,89.1,1,3619
20180305,5.5,2.0,67.5,0,1049
20180306,4.5,1.6,46.8,0,1751
20180307,6.4,1.8,54.0,0,1434
20180308,4.6,1.9,76.0,0,604
20180309,4.5,1.5,63.3,0,1362
20180310,4.6,2.0,65.8,1,10723
20180311,6.4,2.0,51.3,1,14512
20180312,8.0,1.4,45.8,0,1555
20180313,12.4,1.8,60.5,0,1819
20180314,17.0,2.3,58.8,0,3023
20180315,12.4,2.1,92.1,0,390
20180316,7.1,1.9,46.9,0,2101
20180317,6.6,1.5,48.0,1,21710
20180318,8.2,1.2,55.9,1,11331
20180319,8.0,2.5,64.5,0,785
20180320,4.7,3.4,39.9,0,1228
20180321,2.1,1.7,64.1,0,2184
20180322,4.9,2.2,61.5,0,1559
20180323,6.1,2.0,55.3,0,1922
20180324,7.6,2.1,61.9,1,8418
20180325,9.6,1.7,65.6,1,7334
20180326,11.0,1.9,64.5,0,1227
20180327,13.3,1.6,61.1,0,1297
20180328,14.0,2.2,66.4,0,1830
20180329,15.4,1.6,66.3,0,1588
20180330,14.8,1.7,55.6,0,3670
20180331,14.0,1.9,52.9,1,24607
20180401,15.6,1.5,68.8,1,15115
20180402,18.4,1.9,64.0,0,2785
20180403,17.8,2.1,72.9,0,3689
20180404,13.4,1.9,67.0,0,2575
20180405,7.6,2.0,90.6,0,992
20180406,5.8,3.1,71.6,0,3920
20180407,4.2,4.1,45.5,1,12741
20180408,3.9,1.8,59.6,1,12683
20180409,7.9,1.1,57.9,0,5775
20180410,15.1,3.5,51.0,0,7236
20180411,12.6,3.0,49.4,0,4184
20180412,13.3,2.6,30.5,0,7264
20180413,14.6,1.3,22.9,0,8694
20180414,9.0,1.8,78.8,1,2097
20180415,9.5,2.4,65.5,1,21355
20180416,11.6,1.6,41.9,0,5478
20180417,12.9,1.9,37.9,0,5163
20180418,12.4,1.9,35.4,0,5634
20180419,14.0,1.9,38.8,0,5069
20180420,18.4,1.3,46.0,0,5353
20180421,18.7,1.9,32.0,1,32610
20180422,15.5,1.1,57.4,1,7680
20180423,9.3,2.2,93.9,0,288
20180424,12.1,1.4,63.3,0,4340
20180425,14.6,1.5,37.8,0,8633
20180426,14.9,2.1,51.9,0,15831
20180427,15.7,1.7,52.9,0,14339
20180428,15.4,2.0,49.0,1,22962
20180429,16.2,1.9,43.1,1,29774
20180430,19.2,1.6,61.6,0,15544
20180501,20.4,1.5,72.8,0,21749
20180502,15.1,1.9,90.4,0,1330
20180503,11.2,2.7,62.4,0,9028
20180504,14.1,2.7,45.5,0,11182
20180505,18.3,2.6,46.8,1,51454
20180506,16.6,1.1,86.4,1,3326
20180507,19.2,1.2,60.3,1,31810
20180508,17.5,1.7,50.9,0,5613
20180509,15.7,1.7,50.4,0,5788
20180510,15.4,2.3,67.4,0,6728
20180511,16.1,1.8,59.8,0,9733
20180512,14.2,0.9,89.3,1,1341
20180513,15.8,1.9,82.5,1,22612
20180514,18.2,1.4,71.4,0,4026
20180515,23.2,1.1,56.4,0,4779
20180516,22.3,1.9,93.8,0,895
20180517,20.9,1.4,97.0,0,1307
20180518,16.3,1.3,86.8,0,5461
20180519,17.6,1.5,47.5,1,32699
20180520,17.0,1.4,32.1,1,29491
20180521,17.8,1.4,43.9,0,18742
20180522,18.1,1.1,75.5,1,27491
20180523,17.3,2.5,57.1,0,6144
20180524,18.3,2.2,47.4,0,6175
20180525,19.7,1.8,47.4,0,8277
20180526,21.8,1.4,50.1,1,25935
20180527,20.3,1.7,47.4,1,30632
20180528,22.3,1.6,49.8,0,26772
20180529,21.4,1.8,69.3,0,8398
20180530,20.2,1.9,69.8,0,6902
20180531,20.9,1.9,58.9,0,27237
20180601,23.8,1.9,50.4,0,9643
20180602,23.4,2.0,44.5,1,24585
20180603,24.0,1.6,39.4,1,23945
20180604,22.6,1.9,50.1,0,5633
20180605,23.7,1.7,52.5,0,8801
20180606,23.0,2.0,62.9,1,28019
20180607,22.2,2.0,69.3,0,5948
20180608,21.9,2.1,68.0,0,6771
20180609,23.7,1.4,60.6,1,16826
20180610,21.3,1.4,59.9,1,18184
20180611,20.2,1.4,67.3,0,3545
20180612,21.3,1.7,65.5,0,5408
20180613,22.0,1.5,64.0,1,17247
20180614,21.6,1.1,74.9,0,1755
20180615,21.7,1.4,60.8,0,4296
20180616,22.5,1.4,56.4,1,14769
20180617,22.8,1.3,66.9,1,11814
20180618,24.8,1.5,54.9,0,2374
20180619,22.4,1.8,61.3,0,3739
20180620,22.7,2.3,68.1,0,3159
20180621,23.7,2.2,60.1,0,2833
20180622,25.0,1.8,45.1,0,15988
20180623,24.5,2.0,50.6,1,8715
20180624,25.2,1.9,62.8,1,6403
20180625,27.1,1.2,57.1,0,2268
20180626,22.3,2.4,88.3,0,13763
20180627,22.3,2.0,81.9,0,1945
20180628,23.3,1.1,85.1,0,1957
20180629,24.7,1.5,78.5,0,8056
20180630,24.4,0.9,83.8,1,5414
20180701,21.9,0.8,94.6,1,411
20180702,22.6,0.7,95.4,0,330
20180703,27.4,0.8,74.4,0,1771
20180704,27.3,1.7,69.6,0,1523
20180705,25.3,1.2,72.8,0,1257
20180706,23.9,1.8,57.8,0,2367
20180707,23.7,1.6,51.4,1,10995
20180708,23.3,1.5,51.5,1,11925
20180709,20.8,1.1,82.3,0,574
20180710,23.7,0.7,87.8,0,1602
20180711,26.8,1.3,82.9,0,1385
20180712,26.6,1.5,82.4,0,2498
20180713,27.3,1.8,74.8,0,1341
20180714,27.9,1.9,69.6,1,3887
20180715,28.3,1.6,69.6,1,2978
20180716,28.7,1.7,64.3,0,844
20180717,28.1,1.7,66.5,0,1133
20180718,28.2,1.6,64.8,0,14693
20180719,28.7,1.6,64.1,0,884
20180720,29.5,1.5,62.6,0,749
20180721,30.6,1.5,53.6,1,1535
20180722,31.8,1.4,49.6,1,1223
20180723,31.7,1.8,53.8,0,599
20180724,31.4,1.6,59.5,0,502
20180725,30.1,2.4,66.3,0,643
20180726,30.1,1.5,68.8,0,707
20180727,30.9,1.9,69.3,0,1827
20180728,29.5,1.2,77.1,1,1398
20180729,31.3,1.2,52.4,1,1594
20180730,31.7,1.2,50.9,0,936
20180731,32.6,1.5,50.5,0,2022
20180801,33.6,1.7,55.5,0,601
20180802,33.7,1.6,54.4,0,782
20180803,33.1,1.9,55.3,0,698
20180804,31.1,2.4,60.6,1,1554
20180805,30.0,2.6,71.8,1,1684
20180806,30.5,1.6,71.6,0,806
20180807,30.5,1.5,63.4,0,813
20180808,31.0,2.1,64.8,0,720
20180809,28.8,1.5,76.3,0,1068
20180810,30.7,1.4,60.9,0,720
20180811,31.0,1.5,55.8,1,2029
20180812,30.6,1.5,61.3,1,3074
20180813,30.5,1.4,68.6,0,860
20180814,31.7,1.3,58.3,0,932
20180815,31.7,1.2,59.5,1,1767
20180816,29.9,1.7,51.0,0,733
20180817,27.2,1.8,39.8,0,1672
20180818,26.7,1.4,44.6,1,7729
20180819,28.2,1.2,50.6,1,7253
20180820,29.1,2.0,55.6,0,1295
20180821,26.6,2.5,71.4,0,1181
20180822,30.7,1.1,54.1,0,1488
20180823,29.4,1.7,59.1,0,517
20180824,24.4,2.5,86.3,0,477
20180825,25.2,2.6,68.0,1,10052
20180826,23.2,1.2,70.0,1,5354
20180827,22.7,0.8,91.0,0,549
20180828,23.7,0.9,92.4,0,640
20180829,25.2,2.4,86.0,0,4339
20180830,25.3,1.8,80.9,0,1060
20180831,25.6,1.6,67.4,0,2578
20180901,25.5,1.3,59.4,1,15010
20180902,25.1,1.5,55.8,1,15418
20180903,23.3,1.0,85.3,0,671
20180904,23.2,2.2,69.4,0,2183
20180905,24.0,2.5,63.5,0,2850
20180906,24.1,2.0,69.9,0,2348
20180907,22.0,2.5,54.6,0,3428
20180908,21.7,1.7,48.8,1,21844
20180909,22.2,1.2,49.0,1,22907
20180910,22.9,1.6,49.5,0,3298
20180911,21.6,1.5,48.1,0,3499
20180912,22.8,1.4,52.0,0,3014
20180913,23.5,1.2,63.5,0,3158
20180914,23.5,1.3,66.9,0,3049
20180915,23.3,1.0,76.0,1,10550
20180916,22.2,1.7,83.6,1,8917
20180917,22.3,1.9,64.3,0,2980
20180918,22.0,1.2,59.8,0,3264
20180919,22.1,1.0,59.1,0,7303
20180920,19.0,1.8,82.4,0,1683
20180921,19.4,1.3,85.8,0,734
20180922,20.8,1.8,62.3,1,14017
20180923,19.4,1.6,52.9,1,12791
20180924,17.6,2.1,48.3,1,19171
20180925,17.8,1.1,48.0,1,28973
20180926,19.4,1.7,47.9,1,20583
20180927,18.9,1.3,47.6,0,5116
20180928,17.5,1.2,58.1,0,5754
20180929,20.2,1.0,55.5,1,21849
20180930,17.6,2.3,52.5,1,19328
20181001,15.4,2.9,55.1,0,3147
20181002,15.9,1.6,61.4,0,4783
20181003,17.3,1.3,58.0,1,26809
20181004,19.3,1.3,56.5,0,4093
20181005,16.9,1.7,84.1,0,1424
20181006,18.0,2.2,84.0,1,1335
20181007,16.4,1.7,53.5,1,21565
20181008,14.8,1.1,47.0,0,11309
20181009,15.3,1.1,52.5,1,26793
20181010,12.0,2.5,61.0,0,3348
20181011,9.7,2.1,51.0,0,5008
20181012,10.9,1.3,54.0,0,8180
20181013,12.5,1.0,54.0,1,16363
20181014,13.2,1.5,60.0,1,17533
20181015,15.2,1.4,69.9,0,7554
20181016,14.5,1.3,55.9,0,4813
20181017,12.4,1.3,53.3,0,5831
20181018,12.7,1.1,59.5,0,5062
20181019,13.1,1.4,54.3,0,11201
20181020,13.4,1.2,53.9,1,21938
20181021,13.4,1.1,49.5,1,21054
20181022,14.0,1.0,50.0,0,4368
20181023,12.2,1.1,75.1,0,2387
20181024,12.5,1.3,66.0,0,5192
20181025,13.8,0.9,55.5,0,6531
20181026,12.2,1.6,74.1,0,14283
20181027,8.7,3.2,49.6,1,21256
20181028,8.3,1.5,77.1,1,4795
20181029,7.2,2.0,57.3,0,3306
20181030,6.1,1.6,51.3,0,3734
20181031,7.4,1.6,55.4,0,5676
20181101,8.4,1.3,53.4,0,3923
20181102,10.6,1.1,54.9,0,5152
20181103,11.2,1.3,56.0,1,16625
20181104,11.6,1.3,55.0,1,15903
20181105,11.9,1.1,65.5,0,2780
20181106,12.2,0.9,70.5,0,2108
20181107,12.8,1.1,79.5,0,1318
20181108,11.8,1.8,93.8,0,576
20181109,12.1,3.1,69.0,0,2922
20181110,11.9,1.4,69.1,1,6233
20181111,8.1,1.1,67.6,1,5204
20181112,8.1,1.2,52.3,0,2316
20181113,8.8,1.1,51.6,0,2244
20181114,9.8,1.1,55.5,0,2219
20181115,9.7,1.0,55.4,0,1911
20181116,8.8,1.7,65.1,0,1626
20181117,4.9,1.4,50.8,1,6659
20181118,6.1,1.1,48.8,1,6404
20181119,6.5,1.4,50.4,0,1383
20181120,6.5,1.8,39.9,0,1427
20181121,5.8,1.2,57.1,0,893
20181122,2.3,2.4,35.0,0,4964
20181123,1.9,1.4,29.6,0,1208
20181124,2.6,1.8,71.1,1,1404
20181125,4.8,1.0,77.8,1,3699
20181126,6.3,1.0,70.1,0,1169
20181127,7.1,1.5,65.0,0,923
20181128,5.0,1.6,27.1,0,895
20181129,3.5,1.3,41.4,0,8472
20181130,2.7,1.4,46.1,0,987
20181201,5.5,1.0,42.3,1,4005
20181202,8.2,1.3,50.1,1,3381
20181203,11.5,1.4,87.4,0,356
20181204,6.7,2.7,74.9,0,610
20181205,0.0,1.5,39.5,0,815
20181206,2.4,2.3,50.5,0,878
20181207,-7.3,3.8,37.1,0,440
20181208,-8.3,2.6,37.1,1,807
20181209,-7.2,1.5,27.0,1,808
20181210,-2.5,0.9,33.3,0,553
20181211,0.2,1.2,44.8,0,997
20181212,-1.9,2.2,39.0,0,2089
20181213,-2.2,2.0,57.4,0,854
20181214,-4.4,1.7,44.3,0,456
20181215,-2.4,1.0,46.8,1,1381
20181216,0.0,0.9,63.8,1,1134
20181217,1.6,1.8,60.1,0,656
20181218,2.6,1.4,56.3,0,861
20181219,4.0,1.4,53.4,0,809
20181220,3.4,0.9,45.5,0,876
20181221,5.6,1.1,40.1,0,1630
20181222,6.9,1.5,48.9,1,1982
20181223,2.4,2.9,43.0,1,2948
20181224,-2.3,1.6,35.9,0,982
20181225,0.6,1.2,53.4,1,2402
20181226,-1.5,2.8,40.8,0,752
20181227,-10.1,3.5,28.3,0,3943
20181228,-10.5,2.5,33.0,0,357
20181229,-7.6,2.9,29.0,1,734
20181230,-6.8,1.2,35.9,1,915
20181231,-5.4,1.2,39.6,0,834
